goal,hobby,recommended_course
job,Programming,Full Stack Web Development
freelancing,Programming,Wordpress Development
business,Programming,Full Stack Web Development
job,Cryptocurrency,Cryptocurrency
freelancing,Cryptocurrency,Cryptocurrency
business,Cryptocurrency,Blockchain Development and Security Research
job,Content Creation,Smartphone Content Creation
freelancing,Content Creation,Smartphone Content Creation
business,Social Media,Social Media Management
job,Video Editing,Smartphone Video Editing
freelancing,Video Editing,Smartphone Video Editing
business,Video Editing,Smartphone Content Creation
job,Design and Editing,Professional UI/UX Design
freelancing,Design and Editing,Smartphone Graphic Design
business,Marketing,Digital Marketing Mastery
job,Web Development,Full Stack Web Development
freelancing,Web Development,Full Stack Web Development
business,Web Development,Full Stack Web Development
job,Cybersecurity,Cybersecurity Masterclass
freelancing,Cybersecurity,Professional Bug Hunting
business,Cybersecurity,Cybersecurity Masterclass
job,Machine Learning,Machine Learning Mastercourse
freelancing,Machine Learning,Machine Learning Mastercourse
business,Machine Learning,Machine Learning Mastercourse
job,Data Analysis,Comprehensive Data Analysis
freelancing,Data Analysis,Comprehensive Data Analysis
business,Data Analysis,Comprehensive Data Analysis
job,Digital Marketing,Digital Marketing Mastery
freelancing,Digital Marketing,Digital Marketing Mastery
business,Digital Marketing,Digital Marketing Mastery
job,Social Media,Social Media Marketing
freelancing,Social Media Marketing,Social Media Management
business,Social Media,Digital Marketing Mastery
job,Social Media Management,Social Media Management
freelancing,Social Media Management,Digital Marketing Mastery
business,Social Media Management,Digital Marketing Mastery
job,Forex Trading,Forex Trading Mastercourse
freelancing,Forex Trading,Forex Trading Mastercourse
business,Forex Trading,Digital Marketing Mastery
job,UI/UX Design,Professional UI/UX Design
freelancing,Design,Smartphone Graphic Design
business,Digital Marketing,Digital Marketing Mastery
job,Data Analysis,Comprehensive Data Analysis
freelancing,Data Analysis,Comprehensive Data Analysis
business,Digital Marketing,Digital Marketing Mastery
job,MERN Stack,MERN Stack Web Development
freelancing,MERN Stack Web Development,Wordpress Development
business,Digital Marketing,Digital Marketing Mastery
job,Blockchain Development,Blockchain Development and Security Research
freelancing,Blockchain Security Research,Cryptocurrency
business,Blockchain Development and Security Research,Blockchain Development and Security Research
job,Smartphone Graphic Design,Professional UI/UX Design
freelancing,Smartphone Graphic Design,Smartphone Graphic Design
business,Smartphone Graphic Design,Digital Marketing Mastery
job,Bug Hunting,Cybersecurity Masterclass
freelancing,Bug Hunting,Professional Bug Hunting
business,Bug Hunting,Cybersecurity Masterclass
job,Computer Basics,Computer Basics and Office Suite
freelancing,Computer Basics,Computer Basics and Office Suite
business,Marketing,Digital Marketing Mastery
job,Social Media Marketing,Social Media Marketing
freelancing,Social Media Marketing,Social Media Management
business,Social Media Marketing,Digital Marketing Mastery
job,Social Media Management,Social Media Management
freelancing,Social Media Management,Digital Marketing Mastery
business,Social Media Management,Digital Marketing Mastery
job,Forex Trading,Forex Trading Mastercourse
freelancing,Forex Trading,Forex Trading Mastercourse
business,Forex Trading,Digital Marketing Mastery
job,Artificial Intelligence,Machine Learning Mastercourse
freelancing,Deep Learning,Comprehensive Data Analysis
business,Machine Learning,Machine Learning Mastercourse
job,Data Analysis,Comprehensive Data Analysis
freelancing,Blockchain,Blockchain Development and Security Research
business,Digital Marketing,Digital Marketing Mastery
job,Cryptocurrency,Cryptocurrency
freelancing,Cryptocurrency,Cryptocurrency
business,Cryptocurrency,Blockchain Development and Security Research
job,penetration testing,Professional Bug Hunting
business,cryptography,Cybersecurity Masterclass
job,ethical hacking,Professional Bug Hunting
job,android development,Android Development
business,mobile app development,Android Development
freelancing,mobile app development,Android Development
job,mobile development,Android Development
business,database management,Full Stack Web Development
job,database management,Comprehensive Data Analysis
freelancing,database management,Full Stack Web Development
job,computer vision,Machine Learning Mastercourse
freelancing,computer vision,Machine Learning Mastercourse
business,natural language processing,Machine Learning Mastercourse
job,natural language processing,Machine Learning Mastercourse
job,data visualization,Comprehensive Data Analysis
freelancing,data visualization,Comprehensive Data Analysis
business,ethical hacking,Professional Bug Hunting
freelancing,penetration testing,Professional Bug Hunting
job,computer,Computer Basics and Office Suite
business,Computer Basics,Computer Basics and Office Suite
job,node js,MERN Stack Web Development
business,react js,MERN Stack Web Development
